Rk,Team,Conf,W-L,AdjEM,AdjO,AdjD,AdjT,Luck,AdjEM,OppO,OppD,AdjEM
1,Louisville,ACC,Sep-00,28.14,113.5,85.4,66.1,0.008,-1.18,99.9,101.1,-4.86
2,Ohio St.,B10,Aug-00,27.48,110.9,83.4,65.7,0.006,-1.48,100.5,102,-1.48
3,Duke,ACC,1-Sep,26.37,111.9,85.6,73.2,0.038,4,102.7,98.7,2.24
4,Michigan St.,B10,3-May,25.21,115.2,90,70.3,-0.072,9.9,105.8,95.9,9.9
5,Purdue,B10,3-May,23.82,110.3,86.5,63.4,-0.134,5.62,101.4,95.8,5.62
6,Kansas,B12,1-Jun,23.39,110.7,87.3,71.3,0.031,9.29,105.1,95.8,9.29
7,Maryland,B10,Sep-00,23.23,112.2,89,72.1,0.008,1.53,99.9,98.3,1.53
8,Kentucky,SEC,1-Jun,22.45,109.6,87.2,69.4,-0.02,-6.96,95.7,102.7,-6.96
9,Gonzaga,WCC,1-Sep,22.26,113.3,91,70.8,0.033,-5.33,95.7,101,-5.33
10,Virginia,ACC,1-Jul,21.82,102.5,80.7,59.5,0.181,1.68,99.9,98.2,-0.84
11,Baylor,B12,1-Jun,21.16,111.9,90.7,68.6,-0.032,-0.75,99.2,99.9,-0.75
12,Michigan,B10,1-Aug,21,109.9,88.9,70.5,0.09,8.24,105.6,97.4,7.78
13,Seton Hall,BE,2-Jun,20.56,111.6,91,71.2,-0.122,1.64,100.4,98.8,1.64
14,Auburn,SEC,Aug-00,20.38,110.7,90.3,71.4,0.118,3.62,104.5,100.8,3.62
15,Oregon,P12,2-Jun,20.16,111.8,91.6,66.2,-0.065,10.22,106.1,95.9,10.22
16,Butler,BE,Aug-00,20.1,110.7,90.6,63.5,0.07,0.41,99.9,99.5,0.41
17,Villanova,BE,2-Jun,19.99,114.2,94.2,69.6,0.066,3.13,101.4,98.2,3.13
18,Florida St.,ACC,2-Jul,19.98,106.4,86.4,70.6,0.059,7.28,103.9,96.6,5.55
19,Arizona,P12,Sep-00,19.84,112.1,92.3,71.7,0.091,-3.13,99.9,103,-3.13
20,Indiana,B10,Aug-00,19.32,109.8,90.5,70.9,0.011,-7.11,97.7,104.8,-7.11
21,Tennessee,SEC,1-Jul,19.15,108.6,89.5,66.2,-0.021,-2.91,97,99.9,-2.91
22,Dayton,A10,1-Jun,18.83,112.9,94.1,69,-0.055,0.86,102,101.2,0.86
23,Penn St.,B10,1-Jul,18.73,107,88.3,73.3,-0.038,-0.04,99.3,99.3,-0.04
24,North Carolina,ACC,2-Jun,18.65,109.1,90.5,71.9,0.147,6.89,103.1,96.2,6.76
25,San Diego St.,MWC,Sep-00,17.5,106.9,89.4,66.3,0.02,0.84,102,101.2,-0.19
26,Oklahoma St.,B12,1-Jul,17.36,106.5,89.2,72.4,0.047,1.54,100.6,99.1,1.54
27,Arkansas,SEC,Aug-00,17.24,104.7,87.5,70,0.077,-3.74,98.7,102.4,-3.74
28,Xavier,BE,1-Aug,17.23,106.8,89.5,70,0.038,-0.29,99.3,99.6,-0.29
29,Texas Tech,B12,3-May,17.12,106,88.9,68.6,-0.142,-3.23,99.9,103.1,-3.23
30,Marquette,BE,2-Jun,16.98,107.6,90.6,74.5,0.097,6.37,102.7,96.3,6.37
31,LSU,SEC,2-Jun,16.85,112,95.1,72.5,-0.093,0.39,99.5,99.1,0.39
32,Florida,SEC,2-Jun,16.83,106.5,89.7,64.8,0.042,3.89,102.3,98.4,3.89
33,Colorado,P12,Jul-00,16.5,104.6,88.1,71.1,0.005,-1.39,97.1,98.5,-1.39
34,West Virginia,B12,Jul-00,16.17,107.6,91.4,71.8,0.061,3.91,100.3,96.4,3.91
35,VCU,A10,2-Jun,15.97,105.5,89.5,72.1,-0.044,-1.63,98.5,100.2,-1.63
36,Houston,Amer,2-Apr,15.69,110,94.3,68.3,-0.06,-1,100.4,101.4,-1
37,Memphis,Amer,1-Jul,15.66,108.1,92.5,76.6,0.06,-2.49,98.5,101,-2.49
38,N.C. State,ACC,2-Jun,15.55,112,96.4,68.8,-0.125,-4.48,96.3,100.8,-6.32
39,Iowa St.,B12,3-May,15.37,109.8,94.4,73.5,-0.133,2.56,100.9,98.4,2.56
40,Iowa,B10,3-Jun,15.27,113.7,98.4,71.1,-0.028,4.15,101.6,97.5,1.02
,,,,,,,,,Strength of Schedule,,,NCSOS
Rk,Team,Conf,W-L,AdjEM,AdjO,AdjD,AdjT,Luck,AdjEM,OppO,OppD,AdjEM
41,Oklahoma,B12,1-Jul,15.27,107.5,92.2,73.1,0.155,2.91,101.1,98.2,2.91
42,Saint Mary's,WCC,1-Sep,15.22,111.1,95.8,63.9,0.004,-4.55,97.8,102.4,-4.55
43,Washington,P12,1-Jul,14.26,103.5,89.3,72.2,0.047,-2.46,98.7,101.1,-2.46
44,Texas,B12,1-Jul,14.2,105.7,91.5,66.3,0.113,-2.45,98.8,101.3,-2.45
45,Utah St.,MWC,1-Aug,14.19,108.4,94.2,70.6,0.058,-6.67,96.6,103.2,-5.86
46,Illinois,B10,2-Jun,14.19,108.9,94.7,70,-0.005,-3.63,100.3,103.9,-3.63
47,Cincinnati,Amer,2-Jun,13.96,105.8,91.9,71.7,0.039,-0.35,99.1,99.5,-0.35
48,Wichita St.,Amer,1-Jul,13.8,102.2,88.4,69.7,0.028,-5.42,99,104.4,-5.42
49,Connecticut,Amer,2-Jun,13.59,105.6,92.1,69.6,-0.074,-0.38,100.6,101,-0.38
50,DePaul,BE,Sep-00,13.49,105.1,91.6,70,0.037,0.24,100.7,100.4,0.24
51,TCU,B12,1-Jun,13.48,103.3,89.9,68.2,-0.011,-4.61,97.6,102.2,-4.61
52,Mississippi St.,SEC,2-Jun,13.4,108.8,95.4,64.6,-0.044,-1.64,100.1,101.7,-1.64
53,Stanford,P12,1-Aug,13.34,104.4,91.1,68.3,-0.083,-6.52,96,102.5,-6.52
54,Georgetown,BE,3-May,12.78,108,95.3,73.1,-0.008,6.62,102.1,95.5,6.62
55,Creighton,BE,2-Jun,12.62,110.3,97.7,67.5,0.149,1.16,100.5,99.3,1.16
56,Notre Dame,ACC,2-Jun,12.44,104.2,91.8,68.8,0.057,-5.61,97.8,103.4,-9.49
57,Virginia Tech,ACC,3-Jun,12.25,108.3,96,65.1,0.028,2.31,101.2,98.9,-5.24
58,USC,P12,2-Jul,12.09,105.8,93.7,73.1,0.067,-0.2,99.7,99.9,-0.2
59,Wisconsin,B10,4-Apr,11.91,102.9,91,63.2,-0.09,4.08,104.8,100.7,4.08
60,Temple,Amer,1-Jun,11.88,102.1,90.2,69.3,0.015,4.43,101.7,97.3,4.43
61,Oregon St.,P12,1-Jul,11.86,108.5,96.6,67.9,0.024,-5.57,98,103.5,-5.57
62,BYU,WCC,4-Jun,11.83,109.3,97.4,70.2,-0.041,8.73,104.4,95.7,8.73
63,Georgia,SEC,2-Jun,11.77,108,96.2,74.4,0.021,-3.85,99.1,102.9,-3.85
64,Missouri,SEC,4-Apr,11.67,102.9,91.3,67,-0.143,-0.64,99.8,100.5,-0.64
65,Minnesota,B10,4-Apr,11.44,105.6,94.1,67.1,-0.201,3.38,101.7,98.3,3.38
66,Arizona St.,P12,2-May,11.44,104,92.5,73,-0.015,5.32,101.8,96.5,5.32
67,Syracuse,ACC,4-Apr,11.3,103.2,91.9,67.9,-0.091,3.73,101.8,98.1,1.91
68,Providence,BE,5-May,11.22,102.8,91.6,71.8,-0.177,-2.78,99,101.8,-2.78
69,Furman,SC,3-Jul,11.14,105.8,94.7,69.6,-0.085,4.69,101.3,96.6,4.69
70,Georgia Tech,ACC,2-Apr,11.08,101,89.9,71.5,-0.061,2.44,101.4,98.9,-1.84
71,Louisiana Tech,CUSA,2-Jun,10.83,107.2,96.4,71,-0.055,0.54,100.4,99.8,0.54
72,Mississippi,SEC,3-May,10.77,103.4,92.6,70.6,0.047,2.91,101,98.1,2.91
73,Pittsburgh,ACC,3-Jul,10.53,103.7,93.1,64.3,0.08,2.82,99.1,96.3,-1.91
74,Richmond,A10,1-Jul,10.49,108.9,98.4,66.9,0.088,-2.54,99.9,102.5,-2.54
75,Liberty,ASun,Oct-00,10.33,104.2,93.9,62.9,0.056,-11.28,94.6,105.9,-11.28
76,East Tennessee St.,SC,1-Aug,10.28,108.3,98.1,68.6,0.089,-4.33,97.9,102.2,-3.65
77,Rutgers,B10,2-Jun,10.08,103.5,93.4,69.6,0.014,-7.2,96.1,103.3,-7.2
78,Kansas St.,B12,2-May,9.66,99.1,89.5,68.7,-0.009,-6.65,94.9,101.5,-6.65
79,Toledo,MAC,2-Jun,9.58,104.5,94.9,69.9,-0.086,-5.25,96.7,101.9,-5.25
80,Clemson,ACC,3-May,9.3,102.4,93.1,68.9,-0.053,-0.61,100,100.6,-2.24
,,,,,,,,,Strength of Schedule,,,NCSOS
Rk,Team,Conf,W-L,AdjEM,AdjO,AdjD,AdjT,Luck,AdjEM,OppO,OppD,AdjEM
81,Miami FL,ACC,3-May,9.27,109.4,100.1,68.5,0.142,8.34,103.9,95.6,6.06
82,Rhode Island,A10,3-Jun,9.22,103.3,94.1,73,0.056,4.59,102.1,97.5,4.59
83,SMU,Amer,Aug-00,9.21,105.9,96.7,64.8,0.071,-12.65,92.9,105.5,-12.65
84,Duquesne,A10,Jul-00,9.21,102.7,93.4,67.9,0.053,-6.56,98.2,104.7,-6.56
85,Alabama,SEC,4-Apr,9.18,104.9,95.7,76,-0.067,4.17,101.7,97.5,4.17
86,Davidson,A10,5-Mar,9.12,106.3,97.2,68.3,-0.162,5.16,101.7,96.5,5.16
87,Belmont,OVC,3-Jun,9.07,106.9,97.8,71.7,-0.068,-0.77,98.9,99.7,-0.77
88,Yale,Ivy,3-Jul,8.35,101.6,93.3,66.5,-0.09,4.98,102.4,97.4,4.98
89,Vermont,AE,4-Jun,8.27,102,93.7,68,-0.006,6.01,101.8,95.8,6.01
90,New Mexico St.,WAC,4-May,8.14,104.6,96.5,65.6,0.004,3.5,100.6,97.1,3.5
91,New Mexico,MWC,2-Aug,8.01,106.8,98.8,71.9,0.135,1.63,101.3,99.6,1.83
92,Nevada,MWC,3-Jun,8,106,98,70.8,0.01,1.02,100.8,99.8,1.02
93,Wake Forest,ACC,4-May,7.98,104.2,96.2,70.2,-0.009,3.98,102,98,3.69
94,Western Kentucky,CUSA,3-Jun,7.87,107.4,99.5,69,-0.028,-0.04,99.4,99.4,-0.04
95,UNC Greensboro,SC,2-Jul,7.38,99.5,92.2,67.3,-0.038,-9.53,93.5,103,-7.82
96,Akron,MAC,2-Jun,7.22,100.9,93.7,73.3,-0.065,-5.47,96.2,101.7,-5.47
97,Northern Iowa,MVC,1-Aug,7.02,102.1,95.1,65.4,0.028,-2.09,98.6,100.7,-2.09
98,Harvard,Ivy,4-May,6.89,103.2,96.3,68.6,-0.031,2.02,101.4,99.3,2.02
99,Northwestern,B10,3-Apr,6.83,101.8,95,68.7,-0.043,-1.02,98,99,-1.02
100,St. John's,BE,2-Jul,6.78,102.6,95.8,75,-0.06,-10.04,93.9,103.9,-10.04
101,Kent St.,MAC,1-Jul,6.74,102.6,95.8,70.8,0.165,-0.26,100.9,101.2,-0.26
102,South Carolina,SEC,3-Jun,6.71,102.7,96,73.5,0.018,-6.25,94.8,101.1,-6.25
103,UCF,Amer,2-May,6.37,102.2,95.9,68.7,0.039,-0.01,102.1,102.1,-0.01
104,UC Irvine,BW,4-May,6.31,101.6,95.3,69.8,-0.077,4.39,102.2,97.8,4.39
105,UTEP,CUSA,1-May,5.79,96.8,91,68.5,-0.036,6.28,104.6,98.3,6.28
106,Bowling Green,MAC,2-Jun,5.7,103.8,98.1,74.1,0.123,6.85,103.8,97,6.85
107,Tulsa,Amer,1-Jul,5.5,100.4,94.9,65.6,0.116,-10.68,95.4,106.1,-10.68
108,San Francisco,WCC,2-Aug,5.49,107.2,101.7,71.6,-0.008,-3.48,98.1,101.6,-3.48
109,Penn,Ivy,4-May,5.46,104.4,99,71.7,0.105,8.43,105.2,96.8,8.43
110,Boise St.,MWC,3-Apr,5.33,103.8,98.4,69.6,0.041,5.89,103.9,98,4.04
111,Loyola Chicago,MVC,4-May,5.07,100.4,95.3,68,-0.074,-3.78,96.9,100.7,-3.78
112,Wright St.,Horz,2-Jul,5.02,102.9,97.9,72.3,-0.055,-1.91,99,100.9,-1.91
113,Saint Louis,A10,1-Jul,4.86,97.9,93,68.9,0.093,-4.49,97.2,101.7,-4.49
114,UCLA,P12,3-Jun,4.74,104.7,99.9,67,0.014,-3.04,99.7,102.8,-3.04
115,Buffalo,MAC,3-May,4.51,103.7,99.2,76.7,0.084,2.43,101.3,98.9,2.43
116,Northern Kentucky,Horz,3-Jun,4.29,101.4,97.1,68,0.012,3.25,100.2,96.9,3.25
117,Utah,P12,2-Jun,4.03,106.1,102.1,70,0.109,-1.45,100,101.5,-1.45
118,Colgate,Pat,3-Jun,3.84,105.7,101.8,68.1,0.157,3.19,102.7,99.5,3.19
119,South Florida,Amer,4-May,3.2,97.2,94,66.8,-0.008,-3.63,97.4,101,-3.63
120,Pepperdine,WCC,6-Apr,3.04,106.9,103.9,72.5,-0.036,3.2,101.2,98,3.2
,,,,,,,,,Strength of Schedule,,,NCSOS
Rk,Team,Conf,W-L,AdjEM,AdjO,AdjD,AdjT,Luck,AdjEM,OppO,OppD,AdjEM
121,George Mason,A10,1-Sep,2.99,100.9,97.9,66.7,0.184,-5.33,97.2,102.5,-5.33
122,Hofstra,CAA,3-Jun,2.96,106.2,103.3,71.1,-0.026,-4.82,97,101.9,-4.82
123,Vanderbilt,SEC,2-Jun,2.92,103.4,100.5,71.1,-0.032,-9.35,96,105.3,-9.35
124,South Alabama,SB,3-May,2.87,104.9,102,66.8,-0.038,0.17,100.6,100.4,0.17
125,Rider,MAAC,2-May,2.77,102.2,99.4,73.2,0.112,-1.56,98.3,99.9,-1.56
126,Radford,BSth,4-Mar,2.65,104.3,101.6,65.3,-0.156,5.16,102.3,97.1,5.16
127,Texas St.,SB,3-Jun,2.6,99.3,96.8,66.7,-0.043,-2.67,98.8,101.5,-2.67
128,Fresno St.,MWC,5-Feb,2.55,102.2,99.7,64.8,-0.061,4.89,103.6,98.8,7.11
129,Indiana St.,MVC,4-Apr,2.44,104.5,102.1,69.3,-0.013,7.34,104.4,97.1,7.34
130,Northeastern,CAA,4-May,2.43,106.2,103.8,67.9,-0.073,-3.53,97.7,101.2,-3.53
131,Bradley,MVC,3-May,2.39,99.6,97.2,67.6,0.049,-1.51,98.8,100.3,-1.51
132,UT Arlington,SB,5-Apr,2.33,100.6,98.3,69.7,-0.118,9.15,105,95.9,9.15
133,Georgia Southern,SB,3-Jun,2.29,102.3,100.1,76.1,-0.005,-2.17,99.4,101.6,-2.17
134,Ball St.,MAC,4-Apr,2.2,98.6,96.4,67,-0.221,-4.87,98.7,103.6,-4.87
135,Drake,MVC,2-Jul,2.19,97.2,95,67.3,0.089,-5.28,97.4,102.7,-5.28
136,Texas A&M,SEC,4-Mar,2.15,96.9,94.7,68.6,0.087,-3.54,97.7,101.2,-3.54
137,Towson,CAA,4-Apr,2.12,101.9,99.8,66.3,-0.105,2.43,100.9,98.5,2.43
138,Colorado St.,MWC,4-Jun,2.02,103.4,101.4,68.8,0.074,0.83,100.2,99.4,-0.62
139,Wofford,SC,4-Apr,1.99,105.9,103.9,65.5,-0.115,-3.65,96.3,99.9,-3.65
140,Georgia St.,SB,3-May,1.68,102.7,101,72.1,0.06,3.44,101.2,97.8,3.44
141,South Dakota,Sum,3-Jul,1.45,104.8,103.4,68.1,0.133,-2.4,97.9,100.3,-2.4
142,Northern Illinois,MAC,3-Jun,1.45,98.5,97.1,67.3,0.066,-3.15,99,102.1,-3.15
143,Santa Clara,WCC,2-Aug,1.22,100.3,99.1,74.2,0.165,-8.77,94.8,103.6,-8.77
144,St. Bonaventure,A10,4-Apr,1.05,99.1,98,64.2,0.02,-0.66,98.5,99.2,-0.66
145,UAB,CUSA,3-Apr,0.86,98.8,98,64.2,0.045,-4.8,96.3,101.1,-4.8
146,Nebraska,B10,4-Apr,0.86,100.3,99.4,73,0.053,-2.7,96.8,99.5,-2.7
147,Boston College,ACC,5-Apr,0.85,96.8,96,71.8,-0.001,2.19,100.5,98.3,2.05
148,Murray St.,OVC,4-Apr,0.78,101.5,100.7,70.7,-0.032,-1.61,98.1,99.7,-1.61
149,Little Rock,SB,4-May,0.75,96.8,96,67.1,-0.056,1.69,101.5,99.8,1.69
150,Charleston,CAA,4-Apr,0.69,102.3,101.6,65.1,0.049,3.83,101,97.2,3.83
151,Nebraska Omaha,Sum,5-May,0.59,103.2,102.6,69.6,-0.046,3.32,102.5,99.2,3.32
152,Delaware,CAA,Sep-00,0.57,102.3,101.7,69.1,0.046,-5.15,97.7,102.8,-5.15
153,UNLV,MWC,6-Apr,0.48,101.5,101.1,65.4,-0.128,0.43,99.7,99.3,-0.58
154,North Texas,CUSA,6-Mar,0.45,99.9,99.4,61.9,-0.155,8.34,102,93.7,8.34
155,Missouri St.,MVC,5-May,0.36,99.5,99.1,64.8,-0.096,-3,98.2,101.2,-3
156,Washington St.,P12,4-Apr,0.35,99.5,99.2,71.9,-0.117,-4.3,97.2,101.5,-4.3
157,FIU,CUSA,3-Jun,0.3,98.9,98.6,74.8,-0.099,-5.89,95.9,101.8,-5.89
158,Western Carolina,SC,2-Jun,0.09,104.1,104,72.3,0.074,-1.76,97.7,99.4,0.39
159,Oral Roberts,Sum,5-Mar,0.03,101.5,101.4,73.7,-0.094,14.02,107.8,93.8,14.02
160,Sam Houston St.,Slnd,4-Apr,-0.02,99,99,73.4,-0.113,5.17,103.6,98.4,5.17
,,,,,,,,,Strength of Schedule,,,NCSOS
Rk,Team,Conf,W-L,AdjEM,AdjO,AdjD,AdjT,Luck,AdjEM,OppO,OppD,AdjEM
161,Central Michigan,MAC,2-Jul,-0.07,103.5,103.5,75.3,0.058,-5.7,98.3,104.1,-5.7
162,La Salle,A10,3-Apr,-0.08,97.3,97.4,71,0.116,5.93,104.2,98.3,5.93
163,Eastern Washington,BSky,3-Apr,-0.12,101.6,101.7,76,0.033,4.84,100.2,95.3,4.84
164,UC Santa Barbara,BW,3-May,-0.2,104.1,104.3,64.4,-0.004,-4.81,98.6,103.4,-4.81
165,Rice,CUSA,3-Jun,-0.31,102.3,102.6,74.1,0.187,2.25,101.3,99.1,2.25
166,Winthrop,BSth,4-Apr,-0.45,98.8,99.2,69,-0.083,8.96,104.7,95.7,8.96
167,Southern Utah,BSky,4-Apr,-0.56,95.2,95.7,69.5,-0.138,7.37,105,97.7,7.37
168,Coastal Carolina,SB,4-May,-0.59,102,102.6,70.3,-0.117,-3.33,99.3,102.7,-3.33
169,Hawaii,BW,2-Jun,-0.64,99.5,100.1,69.4,0.067,-6.56,98.2,104.8,-6.56
170,Oakland,Horz,4-May,-0.7,99.2,99.9,64.5,0.046,2.12,101.3,99.2,2.12
171,Appalachian St.,SB,4-May,-0.88,96.5,97.4,69.3,-0.097,0.77,99.5,98.8,0.77
172,California,P12,3-May,-0.97,99.3,100.3,65,0.172,0.25,101.3,101.1,0.25
173,William & Mary,CAA,3-Jun,-0.99,101.8,102.7,70.4,0.113,1.01,100.7,99.6,1.01
174,Eastern Michigan,MAC,1-Jul,-1.46,95.4,96.8,69.5,0.213,-2.39,96.9,99.3,-2.39
175,Loyola Marymount,WCC,5-Mar,-1.48,100.3,101.8,63.6,-0.072,4.92,102.9,97.9,4.92
176,Fordham,A10,2-May,-1.51,93.6,95.1,66.2,0.02,-9.82,95.1,104.9,-9.82
177,Northern Colorado,BSky,4-Apr,-1.56,98.5,100.1,66.9,-0.183,4.51,101.9,97.4,4.51
178,Ohio,MAC,3-Jun,-1.57,98.5,100.1,68.2,0.138,5.23,104.7,99.4,5.23
179,Columbia,Ivy,7-Mar,-1.63,97.4,99.1,70.2,-0.135,0.96,100.6,99.6,0.96
180,Lafayette,Pat,2-May,-1.66,104.4,106,66.1,-0.003,-4.21,99.1,103.3,-4.21
181,Montana,BSky,5-Apr,-1.7,97.9,99.6,67.8,0.065,5.12,100.9,95.8,5.12
182,Siena,MAAC,4-Feb,-1.77,97.8,99.6,71.3,-0.115,7.63,103.9,96.3,7.63
183,Samford,SC,5-May,-1.85,100.7,102.5,69.4,-0.061,-0.27,99.8,100.1,-0.27
184,Old Dominion,CUSA,6-Mar,-1.85,92.2,94,67.5,-0.052,-0.13,101.1,101.2,-0.13
185,Air Force,MWC,5-Apr,-1.87,103.6,105.5,68.1,-0.05,-2.25,97.6,99.8,-1.9
186,San Diego,WCC,7-Mar,-1.87,96.7,98.6,70.8,-0.029,3.29,101.1,97.8,3.29
187,North Dakota St.,Sum,4-May,-1.91,99.6,101.5,65.3,-0.027,-4.95,95.9,100.9,-4.95
188,Massachusetts,A10,4-May,-1.91,99.5,101.4,69.4,-0.003,0.09,99.6,99.5,0.09
189,Stony Brook,AE,3-Jun,-1.94,97.3,99.2,67.6,0.081,-1.58,98.3,99.8,-1.58
190,Stephen F. Austin,Slnd,2-Jul,-2.03,96.3,98.3,75.1,0.037,0.01,99.8,99.8,0.01
191,Iona,MAAC,3-Feb,-2.05,99.9,102,69.5,-0.092,-3.75,96.9,100.6,-3.75
192,North Florida,ASun,4-Jun,-2.06,101.4,103.4,72.9,0.064,0.21,101,100.8,0.21
193,St. Francis PA,NEC,4-Apr,-2.13,102.4,104.5,67.8,0.047,2.81,102,99.2,2.81
194,Gardner Webb,BSth,5-Mar,-2.13,99.5,101.6,65.8,-0.059,7.8,105.1,97.3,7.8
195,Evansville,MVC,3-Jun,-2.14,99.2,101.4,71.7,0.175,-3.56,98.6,102.2,-3.56
196,Valparaiso,MVC,4-May,-2.17,99.7,101.9,72,0.048,1.94,100.1,98.2,1.94
197,South Dakota St.,Sum,5-Jun,-2.18,101.3,103.5,68.6,-0.003,0.29,99.5,99.3,0.29
198,Cal Baptist,WAC,4-Apr,-2.18,101.6,103.8,72.5,-0.05,-4.97,97.4,102.4,-4.97
199,Grand Canyon,WAC,6-Apr,-2.24,99.6,101.9,67.8,0.026,-3.84,97.3,101.1,-3.84
200,Lipscomb,ASun,6-Mar,-2.24,97.8,100.1,71.5,-0.086,3.6,101.2,97.6,3.6
,,,,,,,,,Strength of Schedule,,,NCSOS
Rk,Team,Conf,W-L,AdjEM,AdjO,AdjD,AdjT,Luck,AdjEM,OppO,OppD,AdjEM
201,Illinois St.,MVC,5-Mar,-2.25,100.5,102.7,67.7,-0.058,5.52,102.5,97,5.52
202,Green Bay,Horz,5-Mar,-2.26,104.2,106.5,75.7,-0.024,9.54,105.4,95.9,9.54
203,Austin Peay,OVC,4-Mar,-2.43,103.6,106.1,68.9,-0.135,3.32,101.6,98.3,3.32
204,Pacific,WCC,3-Aug,-2.59,97.4,100,63.3,-0.03,-10.61,93.5,104.1,-10.61
205,Albany,AE,4-May,-2.62,97.5,100.1,68.3,-0.013,-6.07,97.4,103.4,-6.07
206,Sacred Heart,NEC,4-May,-2.76,101.2,104,74,0.02,-1.37,100,101.4,-1.37
207,American,Pat,4-Mar,-3.09,101,104.1,70.4,-0.116,-4.51,98.2,102.8,-4.51
208,Sacramento St.,BSky,1-May,-3.17,94.4,97.5,67,0.127,2.15,100.9,98.8,2.15
209,Purdue Fort Wayne,Sum,5-Jun,-3.25,101.1,104.3,70.3,-0.054,-2.67,98.8,101.4,-2.67
210,Seattle,WAC,5-May,-3.28,95.9,99.1,68.5,-0.027,-3.34,98.4,101.7,-3.34
211,Loyola MD,Pat,4-May,-3.28,100.5,103.8,70.3,0.081,-5.46,96.9,102.3,-5.46
212,Bucknell,Pat,7-Mar,-3.32,101.2,104.5,71.9,0.01,4.06,101.3,97.3,4.06
213,Miami OH,MAC,4-Apr,-3.38,99.4,102.8,71.5,0.004,-1.14,99.6,100.7,-1.14
214,Princeton,Ivy,6-Jan,-3.39,100.7,104.1,66.4,-0.087,6.97,105,98.1,6.97
215,Tulane,Amer,1-Jul,-3.76,97.7,101.5,69.6,0.086,-10.62,94.7,105.3,-10.62
216,Dartmouth,Ivy,4-May,-3.83,95.3,99.2,64.8,0.107,0.45,99.5,99.1,0.45
217,Charlotte,CUSA,4-Mar,-3.94,94.5,98.5,67,-0.174,-2.34,99.7,102.1,-2.34
218,Florida Atlantic,CUSA,4-May,-3.94,95.2,99.2,69.7,0.014,-4.06,98,102.1,-4.06
219,Marshall,CUSA,5-Feb,-3.97,96.9,100.9,75.7,-0.121,0.7,100,99.3,0.7
220,Southern Illinois,MVC,5-Apr,-4.2,96.9,101.1,63,-0.114,-3,98.5,101.5,-3
221,Brown,Ivy,3-May,-4.74,95.8,100.6,71.3,0.123,-8.08,96.7,104.8,-8.08
222,Utah Valley,WAC,6-Apr,-4.83,96.4,101.2,72.4,-0.071,0.45,99.7,99.3,0.45
223,UTSA,CUSA,6-Feb,-4.86,99.6,104.5,73.8,-0.13,0.39,99.7,99.3,0.39
224,Cal St. Northridge,BW,7-Feb,-4.87,101.1,106,71.4,0.041,7.71,106.6,98.9,7.71
225,NJIT,ASun,6-Feb,-4.87,99.3,104.2,67,-0.044,-0.09,100.2,100.3,-0.09
226,Nicholls St.,Slnd,4-May,-5.04,96.3,101.3,70.8,-0.03,9.61,103.8,94.2,9.61
227,Boston University,Pat,6-Mar,-5.1,97.4,102.5,68.1,-0.071,1.69,101.8,100.1,1.69
228,UC Riverside,BW,3-Jun,-5.24,93.8,99,64.7,-0.029,-8.38,95,103.4,-8.38
229,Canisius,MAAC,4-Apr,-5.3,96,101.3,70.2,-0.001,-1.31,99.7,101,-1.31
230,Milwaukee,Horz,4-May,-5.4,94.6,100,70.3,-0.147,-6.89,96.2,103.1,-6.89
231,Monmouth,MAAC,5-Apr,-5.44,94.9,100.3,71,0.046,1.24,100.3,99,1.24
232,Jacksonville St.,OVC,5-Feb,-5.72,96.1,101.8,69.9,-0.058,8.61,103.8,95.2,8.61
233,Middle Tennessee,CUSA,5-Apr,-5.75,97.6,103.4,72.7,0.075,3.94,103.2,99.2,3.94
234,Portland,WCC,2-Jun,-5.76,95.8,101.6,67.4,0.023,-10.4,95.6,106,-10.4
235,Chattanooga,SC,4-May,-5.81,96.5,102.3,67.9,0.113,-0.97,98.9,99.8,-1.99
236,Lehigh,Pat,6-Mar,-5.81,97.8,103.6,70.3,-0.024,6.05,103.1,97,6.05
237,Mount St. Mary's,NEC,6-Mar,-5.93,95.3,101.2,65.6,-0.031,6.07,102.6,96.5,6.07
238,Eastern Illinois,OVC,4-Apr,-5.94,97,102.9,69.8,-0.215,-3.31,97.9,101.2,-3.31
239,George Washington,A10,5-Apr,-5.97,95.9,101.8,67.2,-0.004,-6.3,97,103.3,-6.3
240,Illinois Chicago,Horz,6-Mar,-6,96.4,102.4,71.2,-0.018,-2.07,97.9,100,-2.07
,,,,,,,,,Strength of Schedule,,,NCSOS
Rk,Team,Conf,W-L,AdjEM,AdjO,AdjD,AdjT,Luck,AdjEM,OppO,OppD,AdjEM
241,Campbell,BSth,2-Jun,-6.03,96.7,102.7,66.2,0.109,-4.27,97.9,102.2,-4.27
242,Mercer,SC,5-Apr,-6.16,99.4,105.5,71.6,0.007,-4.48,96.9,101.4,-4.48
243,UNC Asheville,BSth,2-Apr,-6.16,100.9,107.1,72.2,0.068,7.16,103.6,96.5,7.16
244,North Dakota,Sum,6-Apr,-6.18,96.8,103,70,-0.076,4.05,101.5,97.4,4.05
245,Lamar,Slnd,4-Apr,-6.22,95.3,101.5,69.9,-0.044,4.86,101,96.1,4.86
246,Portland St.,BSky,5-Mar,-6.24,101.9,108.2,72.3,-0.107,1.72,101.1,99.4,1.72
247,Louisiana Monroe,SB,2-Apr,-6.26,98.3,104.6,64.2,0.135,-5.9,95.4,101.3,-5.9
248,UMBC,AE,4-May,-6.37,94.8,101.2,67.7,-0.011,-1.07,99.2,100.2,-1.07
249,Drexel,CAA,4-May,-6.4,98.2,104.6,70.7,0.092,-3.27,97.2,100.5,-3.27
250,Jacksonville,ASun,6-Apr,-6.43,93.7,100.1,65.5,-0.084,1.28,100.1,98.8,1.28
251,UMKC,WAC,5-May,-6.45,95,101.4,66.5,0.151,3.83,101.7,97.9,3.83
252,Saint Joseph's,A10,7-Feb,-6.55,98.7,105.2,75.6,0.021,3.64,101.4,97.7,3.64
253,Montana St.,BSky,3-Jun,-6.96,96.8,103.8,68.3,0.16,0.47,100.1,99.7,0.47
254,Youngstown St.,Horz,4-May,-7,98.4,105.4,68.9,0.122,-1.98,98.5,100.5,-1.98
255,Morehead St.,OVC,4-May,-7.05,95.9,103,69.7,0.015,-2.66,98.2,100.8,-2.66
256,Army,Pat,3-Apr,-7.09,94.7,101.8,73.2,0.121,-5.88,99.2,105.1,-5.88
257,Cal St. Fullerton,BW,6-Mar,-7.14,91.8,98.9,68.3,0.002,1.54,100.5,98.9,1.54
258,Arkansas St.,SB,2-Jun,-7.16,98.1,105.3,68.5,0.195,-6.72,96.8,103.5,-6.72
259,Cal St. Bakersfield,WAC,6-Apr,-7.19,94.8,102,67.3,-0.099,1.58,102.9,101.3,1.58
260,Louisiana,SB,3-May,-7.22,98.3,105.5,73,0.112,-6.72,96.1,102.9,-6.72
261,Southern Miss,CUSA,7-Feb,-7.24,95.3,102.5,66.4,-0.077,11.1,107.3,96.2,11.1
262,Fairfield,MAAC,6-Feb,-7.25,94.1,101.3,62.1,-0.016,3.06,102.4,99.3,3.06
263,Manhattan,MAAC,3-Mar,-7.29,92.5,99.8,67.4,0.112,-3.48,97.7,101.1,-3.48
264,James Madison,CAA,4-May,-7.36,99.4,106.7,76.9,0.185,-2.3,96.3,98.6,-2.3
265,LIU,NEC,6-Feb,-7.39,97.9,105.3,75,-0.047,1.74,101,99.2,1.74
266,Fairleigh Dickinson,NEC,5-Feb,-7.39,98.7,106.1,67.5,0.018,4.84,102.1,97.3,4.84
267,Bryant,NEC,4-Jun,-7.58,95.1,102.7,72.7,-0.059,-6.85,95.5,102.3,-6.85
268,Tennessee St.,OVC,3-Jun,-7.68,95,102.7,71.4,0.034,-5.82,96.6,102.4,-5.82
269,Prairie View A&M,SWAC,5-Mar,-7.89,93,100.9,71.4,0.003,4.57,102.4,97.8,4.57
270,Navy,Pat,4-Apr,-7.96,94.4,102.4,61.7,-0.047,-2.28,98.7,100.9,-2.28
271,UMass Lowell,AE,6-Apr,-8,100.3,108.3,69.6,-0.08,-7.12,95.5,102.6,-7.12
272,East Carolina,Amer,7-Feb,-8.04,97.9,106,69.9,-0.134,-4.2,97.4,101.6,-4.2
273,Quinnipiac,MAAC,4-Feb,-8.05,99.4,107.5,69.9,-0.093,-3.89,99.4,103.3,-3.89
274,UT Rio Grande Valley,WAC,5-Apr,-8.21,91.9,100.1,71.1,0.034,-4.77,96.8,101.6,-4.77
275,Weber St.,BSky,5-Feb,-8.25,96.4,104.6,67,-0.07,3.18,102.4,99.2,3.18
276,Texas Southern,SWAC,6-Feb,-8.27,94.8,103.1,75.8,0.104,12.75,105.5,92.7,12.75
277,Western Michigan,MAC,5-Apr,-8.44,97.7,106.1,67.3,0.049,-0.85,98.2,99,-0.85
278,Long Beach St.,BW,6-Mar,-8.59,95.9,104.5,72.9,0.054,10.78,105.8,95,10.78
279,North Alabama,ASun,5-Apr,-8.76,92.5,101.2,68.3,-0.006,0.26,100.5,100.3,0.26
280,IUPUI,Horz,7-Feb,-9.16,96,105.2,69.1,-0.123,2.36,100.6,98.2,2.36
,,,,,,,,,Strength of Schedule,,,NCSOS
Rk,Team,Conf,W-L,AdjEM,AdjO,AdjD,AdjT,Luck,AdjEM,OppO,OppD,AdjEM
281,New Orleans,Slnd,5-Mar,-9.41,94.7,104.1,70.9,-0.025,17.03,110.1,93,17.03
282,UNC Wilmington,CAA,5-May,-9.69,95.3,105,67.7,0.071,5.1,101.8,96.7,5.1
283,Abilene Christian,Slnd,5-Mar,-9.72,93.8,103.5,67.6,-0.096,1.53,102,100.5,1.53
284,Western Illinois,Sum,6-Feb,-9.82,99.7,109.6,73.9,-0.161,-1.25,100,101.3,-1.25
285,Bethune Cookman,MEAC,4-May,-9.83,94.1,103.9,71.2,-0.039,1.93,100.5,98.6,1.93
286,Charleston Southern,BSth,5-Mar,-9.93,92.9,102.8,69.4,0.102,6.72,102.2,95.5,6.72
287,Cornell,Ivy,6-Jan,-9.97,96.6,106.6,64.8,-0.208,-0.96,98.7,99.7,-0.96
288,Merrimack,NEC,5-May,-10.05,92.4,102.5,64.7,0.149,1.51,99.2,97.7,1.51
289,Central Arkansas,Slnd,7-Jan,-10.13,95.6,105.7,76.9,-0.1,12.14,105.2,93,12.14
290,Wyoming,MWC,6-Mar,-10.17,89.7,99.9,64.5,-0.039,-2.42,99,101.4,-1.58
291,UC Davis,BW,7-Mar,-10.19,95.9,106,67,-0.09,-2.09,98.9,101,-2.09
292,New Hampshire,AE,4-May,-10.62,92.2,102.8,71,-0.032,-5.29,97.6,102.9,-5.29
293,Detroit,Horz,6-Jan,-10.76,98.7,109.5,74,0.019,6.24,102.6,96.3,6.24
294,Hampton,BSth,6-Mar,-10.78,98.1,108.9,71.4,-0.101,3.17,103.9,100.7,3.17
295,Robert Morris,NEC,8-Feb,-10.91,93.5,104.4,66.6,-0.142,3.26,101,97.8,3.26
296,Coppin St.,MEAC,6-Apr,-11.07,90.4,101.5,77.8,0.027,2.38,101.5,99.1,2.38
297,Houston Baptist,Slnd,0-6,-11.13,97.8,108.9,80.5,-0.024,16.83,108.8,91.9,16.83
298,St. Francis NY,NEC,5-Mar,-11.13,93.5,104.6,73,0.079,-0.96,98.6,99.6,-0.96
299,McNeese St.,Slnd,6-Mar,-11.18,96.9,108.1,70.9,-0.12,9.98,106.1,96.1,9.98
300,Southeast Missouri St.,OVC,5-Mar,-11.28,93.9,105.2,70.5,-0.045,-5.28,97.5,102.8,-5.28
301,Grambling St.,SWAC,4-Apr,-11.44,92.5,103.9,71.6,-0.059,-2.23,100.4,102.6,-2.23
302,Longwood,BSth,5-Apr,-11.61,93.6,105.2,69.3,-0.112,-4.73,94.8,99.6,-4.73
303,Troy,SB,6-Mar,-11.68,94.1,105.8,71.1,-0.104,-2.71,97.3,100,-2.71
304,Morgan St.,MEAC,7-Mar,-11.75,93.6,105.3,70.3,-0.045,3.8,101.1,97.3,3.8
305,Norfolk St.,MEAC,7-Mar,-11.84,92,103.9,68.3,-0.031,3.55,100.5,97,3.55
306,Eastern Kentucky,OVC,5-Mar,-12.01,91,103,78.7,-0.034,-3.34,97.3,100.7,-3.34
307,Binghamton,AE,5-Apr,-12.05,97,109,68.4,0.074,0.02,101.5,101.4,0.02
308,Tennessee Martin,OVC,5-Mar,-12.24,103.4,115.6,66.7,0.095,3.95,102.9,98.9,3.95
309,The Citadel,SC,5-Mar,-12.29,98,110.3,75.1,0.081,-0.55,100.8,101.3,-1.97
310,VMI,SC,7-Mar,-12.32,94.5,106.9,66.7,-0.049,-6.31,96.2,102.5,-9.11
311,Texas A&M Corpus Chris,Slnd,5-Mar,-12.33,91.1,103.4,63.2,0.03,-2.44,98.4,100.8,-2.44
312,Florida Gulf Coast,ASun,9-Feb,-12.97,88.8,101.7,68.6,0.014,-1.25,98.2,99.4,-1.25
313,Denver,Sum,5-Apr,-13.01,91.7,104.7,69.3,0.097,-2.29,97.8,100.1,-2.29
314,Stetson,ASun,5-May,-13.23,94.1,107.3,63.4,0.111,0.37,100.9,100.6,0.37
315,Hartford,AE,6-Apr,-13.26,91.6,104.8,69.9,-0.086,-5.86,95.8,101.7,-5.86
316,Idaho St.,BSky,4-Mar,-13.41,93.6,107,66.9,-0.014,3.99,102.8,98.8,3.99
317,Maine,AE,6-Feb,-13.59,91.1,104.7,64.9,-0.054,10.86,103.8,92.9,10.86
318,Tennessee Tech,OVC,6-Mar,-13.98,89.1,103.1,65.8,0.018,2.08,100.4,98.3,2.08
319,Cleveland St.,Horz,5-Apr,-14,88.4,102.5,70.5,0.122,-0.69,98.9,99.6,-0.69
320,Northern Arizona,BSky,2-Mar,-14.05,95.1,109.1,67.5,0.133,0.65,102.8,102.2,0.65
,,,,,,,,,Strength of Schedule,,,NCSOS
Rk,Team,Conf,W-L,AdjEM,AdjO,AdjD,AdjT,Luck,AdjEM,OppO,OppD,AdjEM
321,Alabama St.,SWAC,6-Jan,-14.15,88.7,102.8,70.7,0.012,12.29,106.2,93.9,12.29
322,Elon,CAA,7-Mar,-14.18,92,106.1,67.5,-0.155,2.67,99.6,97,2.67
323,North Carolina A&T,MEAC,6-Mar,-14.38,86,100.4,69.7,0.042,-0.98,98.5,99.5,-0.98
324,Presbyterian,BSth,6-Feb,-14.48,93.7,108.2,64.9,0.024,0.37,100.4,100,0.37
325,Holy Cross,Pat,7-Jan,-14.58,95.6,110.1,69.7,-0.107,-0.1,100.7,100.8,-0.1
326,Saint Peter's,MAAC,4-Jan,-15,87.7,102.7,66.4,-0.034,-5.11,96.6,101.7,-5.11
327,Southeastern Louisiana,Slnd,6-Mar,-15.18,90,105.1,75.2,-0.012,0.63,101.1,100.5,0.63
328,North Carolina Central,MEAC,7-Feb,-15.27,89.5,104.7,69,0.013,6.3,103.2,96.9,6.3
329,Wagner,NEC,5-Feb,-15.37,93.2,108.6,72.2,0.053,7.42,102.7,95.3,7.42
330,Alcorn St.,SWAC,5-Feb,-15.59,88.7,104.2,72.9,-0.071,13.31,106.9,93.6,13.31
331,Cal Poly,BW,7-Jan,-15.75,92.5,108.2,69.3,-0.034,7.45,105.8,98.4,7.45
332,San Jose St.,MWC,6-Mar,-15.9,89.7,105.5,72.8,0.063,3.39,103.7,100.3,2.14
333,Jackson St.,SWAC,8-Jan,-15.9,89.4,105.3,71.3,-0.002,3.91,103.3,99.4,3.91
334,Niagara,MAAC,5-Jan,-16.08,92.4,108.5,67.3,-0.034,-0.2,99.4,99.6,-0.2
335,Idaho,BSky,6-Mar,-17.11,89.7,106.8,71.2,0.041,-4.89,97.2,102.1,-4.89
336,High Point,BSth,7-Feb,-17.3,89.3,106.6,67.9,0.061,1.65,101.5,99.8,1.65
337,Southern,SWAC,5-Mar,-17.34,91.4,108.8,68.8,0.039,3.91,102.8,98.9,3.91
338,Florida A&M,MEAC,0-7,-17.91,87.4,105.3,70.3,-0.022,12.33,105.8,93.5,12.33
339,Marist,MAAC,4-Jan,-17.96,87.3,105.3,63.3,-0.009,-10.67,93.9,104.5,-10.67
340,SIU Edwardsville,OVC,7-Feb,-18.42,90.7,109.1,69.5,0.032,-3.38,99,102.3,-3.38
341,Arkansas Pine Bluff,SWAC,6-Jan,-18.46,85.1,103.5,69.5,-0.02,13.32,104.9,91.6,13.32
342,South Carolina St.,MEAC,5-Feb,-19.5,92.8,112.3,67.1,0,11.79,106.7,94.9,11.79
343,Northwestern St.,Slnd,5-Feb,-19.68,88.8,108.5,72.1,-0.046,3.07,101.8,98.7,3.07
344,USC Upstate,BSth,7-Feb,-20.02,87.9,107.9,69.9,-0.004,2.91,100.7,97.8,2.91
345,Kennesaw St.,ASun,0-7,-20.37,87.1,107.5,69.2,-0.001,2.6,100.8,98.2,2.6
346,Howard,MEAC,9-Jan,-21.75,92,113.7,70.9,0.066,1.33,100.3,99,1.33
347,Alabama A&M,SWAC,5-Jan,-23.42,86.3,109.7,69.6,0.029,3.9,101.2,97.3,3.9
348,Incarnate Word,Slnd,7-Feb,-23.71,88.4,112.1,68.1,-0.057,-4.09,96.8,100.9,-4.09
349,Maryland Eastern Shore,MEAC,0-10,-24.57,83,107.6,68.8,0,10.43,104.9,94.4,10.43
350,Central Connecticut,NEC,0-8,-24.85,86.2,111.1,70.5,-0.041,0.49,99.6,99.1,0.49
351,Chicago St.,WAC,7-Apr,-25.33,87.7,113,73.6,-0.05,-1.35,98.2,99.6,-1.35
352,Delaware St.,MEAC,9-Jan,-26.17,86.4,112.5,74.3,-0.055,0.39,101.2,100.8,0.39
353,Mississippi Valley St.,SWAC,8-Jan,-28.66,83.7,112.4,78.3,-0.04,5.85,104.5,98.6,5.85
